"question","answer","category","source"
"What is the Garmin Approach R10?","The Garmin Approach R10 is a portable golf launch monitor used with the Garmin Golf app to record shot data and help golfers practice indoors or outdoors.","Product Overview","https://www.garmin.com/en-US/p/695391/"
"What app do I need for the Approach R10?","You need the Garmin Golf app. The app is used to pair the device, view shot statistics, review driving range sessions, and sync data with a Garmin Connect account.","App","https://www8.garmin.com/manuals/webhelp/GUID-E2BBF6BE-4276-436F-B697-59ABEFD61933/EN-US/GUID-9F63654F-9296-497C-A9FC-89ADC513235C.html"
"How do I pair the Approach R10 with my phone?","Install and open the Garmin Golf app, keep the phone near the device, turn on the Approach R10, then use Profile > My Devices > Add Device in the app and follow the on-screen steps.","Pairing","https://www8.garmin.com/manuals/webhelp/GUID-E2BBF6BE-4276-436F-B697-59ABEFD61933/EN-US/GUID-558FA507-9C5E-490B-A3D4-0EE357536DD9.html"
"How do I manually put the Approach R10 into pairing mode?","With the device turned off, hold the button until the status LED turns solid blue. Solid blue means the launch monitor is in pairing mode.","Pairing","https://www8.garmin.com/manuals/webhelp/GUID-E2BBF6BE-4276-436F-B697-59ABEFD61933/EN-US/GUID-558FA507-9C5E-490B-A3D4-0EE357536DD9.html"
"What does a solid blue light mean on the Approach R10?","A solid blue status LED means the launch monitor is in pairing mode.","LED Status","https://www8.garmin.com/manuals/webhelp/GUID-E2BBF6BE-4276-436F-B697-59ABEFD61933/EN-US/GUID-CD67D445-2140-4FC4-8690-151B09D41069.html"
"What does a flashing blue light mean on the Approach R10?","A flashing blue status LED means the launch monitor is reconnecting to the phone it was previously paired with.","LED Status","https://www8.garmin.com/manuals/webhelp/GUID-E2BBF6BE-4276-436F-B697-59ABEFD61933/EN-US/GUID-CD67D445-2140-4FC4-8690-151B09D41069.html"
"What does a flashing green light mean?","A flashing green status LED means the launch monitor is ready for a shot.","LED Status","https://www8.garmin.com/manuals/webhelp/GUID-E2BBF6BE-4276-436F-B697-59ABEFD61933/EN-US/GUID-CD67D445-2140-4FC4-8690-151B09D41069.html"
"What does a flashing red light mean?","A flashing red status LED means an error occurred. Garmin says to reset the launch monitor, and if that does not fix it, contact Garmin Support.","LED Status","https://www8.garmin.com/manuals/webhelp/GUID-E2BBF6BE-4276-436F-B697-59ABEFD61933/EN-US/GUID-CD67D445-2140-4FC4-8690-151B09D41069.html"
"Where should I place the Approach R10 behind the ball?","Place the Approach R10 on the ground 6 to 8 feet behind the ball. Use the red alignment line on top of the device to line up the ball and target line.","Setup","https://support.garmin.com/en-US/?faq=b16KkS9ljZ1BRQGvWB6bX7"
"How far behind the golf ball should the R10 be indoors?","For indoor or outdoor use, Garmin recommends placing the R10 6 to 8 feet behind the ball. If using a mat, Garmin says the bottom edge of the device should sit above the mat.","Setup","https://support.garmin.com/en-US/?faq=R0Ui7T5kpF43AwkL2zv2a6"
"How do I align the Approach R10?","Use the alignment line on top of the device to align the ball with the shot target. Good alignment matters because the radar is trying to read ball flight and launch direction.","Setup","https://www8.garmin.com/manuals/webhelp/GUID-E2BBF6BE-4276-436F-B697-59ABEFD61933/EN-US/GUID-6156CB4C-093C-4A20-86B3-C30AC6F3BD22.html"
"Can I use the Approach R10 indoors?","Yes. The Approach R10 can be used indoors or outdoors, but setup matters. Use the recommended 6 to 8 feet behind the ball and make sure the device is lined up correctly.","Setup","https://support.garmin.com/en-US/?faq=b16KkS9ljZ1BRQGvWB6bX7"
"How long does the Approach R10 battery last?","Garmin lists the Approach R10 battery life as up to 10 hours. The actual time can vary depending on use and conditions.","Battery","https://www8.garmin.com/manuals/webhelp/GUID-E2BBF6BE-4276-436F-B697-59ABEFD61933/EN-US/GUID-557E8DE5-2AD5-4529-A718-6C74ED9CFAE0.html"
"What kind of battery does the Approach R10 use?","The Approach R10 uses a rechargeable built-in lithium-ion battery.","Battery","https://www8.garmin.com/manuals/webhelp/GUID-E2BBF6BE-4276-436F-B697-59ABEFD61933/EN-US/GUID-557E8DE5-2AD5-4529-A718-6C74ED9CFAE0.html"
"What is the operating temperature range for the Approach R10?","Garmin lists the operating temperature range as 14 to 131 degrees Fahrenheit, or -10 to 55 degrees Celsius.","Specifications","https://www8.garmin.com/manuals/webhelp/GUID-E2BBF6BE-4276-436F-B697-59ABEFD61933/EN-US/GUID-557E8DE5-2AD5-4529-A718-6C74ED9CFAE0.html"
"Is the Approach R10 waterproof?","Garmin lists the Approach R10 water rating as IPX7. That means it can handle incidental water exposure, but it should not be treated like a device meant for long underwater use.","Specifications","https://www8.garmin.com/manuals/webhelp/GUID-E2BBF6BE-4276-436F-B697-59ABEFD61933/EN-US/GUID-557E8DE5-2AD5-4529-A718-6C74ED9CFAE0.html"
"What is Home Tee Hero?","Home Tee Hero is Garmin's simulator feature that connects to the Approach R10 and lets golfers practice or play virtual rounds on 3D-rendered courses.","Simulator","https://www8.garmin.com/manuals/webhelp/GUID-E2BBF6BE-4276-436F-B697-59ABEFD61933/EN-US/GUID-97458F76-742A-40CF-B3CA-D0446F5600D1.html"
"How many courses are available in Home Tee Hero?","Garmin says Home Tee Hero has more than 43,000 courses available for virtual rounds.","Simulator","https://www8.garmin.com/manuals/webhelp/GUID-E2BBF6BE-4276-436F-B697-59ABEFD61933/EN-US/GUID-97458F76-742A-40CF-B3CA-D0446F5600D1.html"
"Do I need a Garmin Golf subscription for Home Tee Hero?","Yes. Garmin says a Garmin Golf subscription is needed for Home Tee Hero features such as virtual courses and weekly virtual tournaments.","Simulator","https://www8.garmin.com/manuals/webhelp/GUID-E2BBF6BE-4276-436F-B697-59ABEFD61933/EN-US/GUID-97458F76-742A-40CF-B3CA-D0446F5600D1.html"
"Can the Approach R10 connect to E6 Connect?","Yes. Garmin provides instructions for connecting the Approach R10 to TruGolf E6 Connect. The Garmin Golf app includes a Golf Sim option for E6 Connect setup.","Simulator","https://www8.garmin.com/manuals-apac/webhelp/approachr10/EN-SG/GUID-C8DBD8A6-1016-4162-8F9E-FA0E3B80209A-8236.html"
"How do I connect the Approach R10 to E6 Connect on a mobile device?","In the Garmin Golf app, select Golf Sim, then TruGolf E6 Connect, then Play on iOS, and follow the on-screen instructions.","Simulator","https://www8.garmin.com/manuals-apac/webhelp/approachr10/EN-SG/GUID-7CEEFA8C-98FD-460C-8AFB-66D0ACEA81AC-9304.html"
"Can I view Approach R10 data on a larger display?","Yes. Garmin says the Garmin Golf app can be mirrored to a compatible smart TV using the screen mirroring feature on the phone.","App","https://www8.garmin.com/manuals/webhelp/GUID-E2BBF6BE-4276-436F-B697-59ABEFD61933/EN-US/GUID-9F63654F-9296-497C-A9FC-89ADC513235C.html"
"What should I do if my R10 will not reconnect to my phone?","Make sure the Garmin Golf app is installed, keep the phone close to the device, put the Approach R10 in pairing mode, and add the device from Profile > My Devices > Add Device in the app.","Troubleshooting","https://support.garmin.com/en-US/?faq=Fj0FA74OWF1ppGyzthJ7zA"
"Can I use the Approach R10 at a driving range?","Yes. The Approach R10 is designed for practice use and can be used at a driving range when it is placed and aligned correctly behind the ball.","Usage","https://www.garmin.com/en-US/p/695391/"
"Does the Garmin Golf app save my shot data?","Yes. The Garmin Golf app lets users view detailed statistics and shot analyses recorded on the launch monitor and syncs data with a Garmin Connect account.","App","https://www8.garmin.com/manuals/webhelp/GUID-E2BBF6BE-4276-436F-B697-59ABEFD61933/EN-US/GUID-9F63654F-9296-497C-A9FC-89ADC513235C.html"
"What does the red alignment line do?","The red alignment line on top of the Approach R10 is used to align the ball to the target line so the device can read the shot correctly.","Setup","https://support.garmin.com/en-US/?faq=b16KkS9ljZ1BRQGvWB6bX7"
"How should I charge the Approach R10?","Use the USB port under the weather cap to connect the USB cable for charging. Keep the weather cap closed when the port is not in use.","Battery","https://www8.garmin.com/manuals/webhelp/GUID-E2BBF6BE-4276-436F-B697-59ABEFD61933/EN-US/GUID-6156CB4C-093C-4A20-86B3-C30AC6F3BD22.html"
"What if the chatbot is not sure about an answer?","If the retrieved FAQ data does not clearly answer the question, the chatbot should say that it is not sure and recommend checking Garmin Support or the official owner’s manual.","Limitations","https://support.garmin.com/en-US/"
